fecha	objective	metric	first_metric_only	boost_from_average	feature_pre_filter	verbosity	seed	max_depth	min_gain_to_split	lambda_l1	lambda_l2	max_bin	num_iterations	force_row_wise	extra_trees	early_stopping_rounds	learning_rate	feature_fraction	min_data_in_leaf	num_leaves	parametro	iteracion
20220831 202651	binary	average_precision	TRUE	TRUE	FALSE	-100	102191	-1	0	0	0	31	66	TRUE	TRUE	55	0.194560023380618	0.581066173594445	297	350	0.450252610089884	1
20220831 202705	binary	average_precision	TRUE	TRUE	FALSE	-100	102191	-1	0	0	0	31	423	TRUE	TRUE	132	0.0489640224727918	0.459838705230504	1332	647	0.450909346776758	2
20220831 202714	binary	average_precision	TRUE	TRUE	FALSE	-100	102191	-1	0	0	0	31	267	TRUE	TRUE	76	0.107714056520781	0.403860220927163	1848	210	0.428009198236342	3
20220831 202722	binary	average_precision	TRUE	TRUE	FALSE	-100	102191	-1	0	0	0	31	217	TRUE	TRUE	51	0.2333030002749	0.762626424682094	1610	628	0.437653122952766	4
20220831 202727	binary	average_precision	TRUE	TRUE	FALSE	-100	102191	-1	0	0	0	31	117	TRUE	TRUE	52	0.224286307254661	0.35438147574605	1000	880	0.44988616839637	5
20220831 202732	binary	average_precision	TRUE	TRUE	FALSE	-100	102191	-1	0	0	0	31	93	TRUE	TRUE	50	0.248860210533603	0.50479003105429	1390	507	0.441118196744977	6
20220831 202741	binary	average_precision	TRUE	TRUE	FALSE	-100	102191	-1	0	0	0	31	117	TRUE	TRUE	80	0.0996980788257497	0.466870548477164	728	394	0.458269439428105	7
20220831 202752	binary	average_precision	TRUE	TRUE	FALSE	-100	102191	-1	0	0	0	31	274	TRUE	TRUE	63	0.148194599462586	0.26268149157986	1710	449	0.427782730310938	8
20220831 202913	binary	average_precision	TRUE	TRUE	FALSE	-100	102191	-1	0	0	0	31	471	TRUE	TRUE	69	0.126274626388185	0.716617051936919	36	977	0.446757760193724	9
20220831 202920	binary	average_precision	TRUE	TRUE	FALSE	-100	102191	-1	0	0	0	31	60	TRUE	TRUE	48	0.27605828553671	0.76022507440066	939	843	0.446911466232491	10
20220831 202947	binary	average_precision	TRUE	TRUE	FALSE	-100	102191	-1	0	0	0	31	390	TRUE	TRUE	195	0.0302523469927837	0.303847044808208	536	96	0.463168106716333	11
20220831 203045	binary	average_precision	TRUE	TRUE	FALSE	-100	102191	-1	0	0	0	31	336	TRUE	TRUE	266	0.0211364665876317	0.657396982540376	178	280	0.467921017490082	12
20220831 203102	binary	average_precision	TRUE	TRUE	FALSE	-100	102191	-1	0	0	0	31	240	TRUE	TRUE	61	0.159318146899168	0.633471532247495	1919	174	0.4261774174597	13
20220831 203117	binary	average_precision	TRUE	TRUE	FALSE	-100	102191	-1	0	0	0	31	117	TRUE	TRUE	56	0.189663908351504	0.226216012777877	447	691	0.450867852077601	14
20220831 203123	binary	average_precision	TRUE	TRUE	FALSE	-100	102191	-1	0	0	0	31	89	TRUE	TRUE	47	0.287503922837059	0.333624029022758	830	52	0.449972477049479	15
20220831 203150	binary	average_precision	TRUE	TRUE	FALSE	-100	102191	-1	0	0	0	31	270	TRUE	TRUE	94	0.077808645486366	0.554895102005685	1148	804	0.453677988293231	16
20220831 203254	binary	average_precision	TRUE	TRUE	FALSE	-100	102191	-1	0	0	0	31	896	TRUE	TRUE	528	0.0100360711263702	0.798677979956933	457	86	0.469721276350562	17
20220831 203406	binary	average_precision	TRUE	TRUE	FALSE	-100	102191	-1	0	0	0	31	1261	TRUE	TRUE	529	0.0100003979113953	0.708395926640176	527	405	0.467791923142198	18
20220831 203420	binary	average_precision	TRUE	TRUE	FALSE	-100	102191	-1	0	0	0	31	876	TRUE	TRUE	529	0.0100188697348993	0.73235184835688	264	10	0.472104020355328	19
20220831 203433	binary	average_precision	TRUE	TRUE	FALSE	-100	102191	-1	0	0	0	31	882	TRUE	TRUE	529	0.010018566569909	0.628491755792687	292	10	0.470263738902801	20
20220831 203444	binary	average_precision	TRUE	TRUE	FALSE	-100	102191	-1	0	0	0	31	785	TRUE	TRUE	525	0.0100814144133258	0.797231102426847	5	10	0.469602771459129	21
20220831 203457	binary	average_precision	TRUE	TRUE	FALSE	-100	102191	-1	0	0	0	31	860	TRUE	TRUE	523	0.0101259009914728	0.799584741270642	240	10	0.471905093784388	22
20220831 203503	binary	average_precision	TRUE	TRUE	FALSE	-100	102191	-1	0	0	0	31	301	TRUE	TRUE	216	0.0268168712107601	0.753387244880774	262	10	0.472802117099203	23
20220831 203507	binary	average_precision	TRUE	TRUE	FALSE	-100	102191	-1	0	0	0	31	170	TRUE	TRUE	153	0.0403861231272001	0.751676407940945	265	10	0.468396676618269	24
20220831 203534	binary	average_precision	TRUE	TRUE	FALSE	-100	102191	-1	0	0	0	31	419	TRUE	TRUE	277	0.0202037327850812	0.745884406793823	392	1000	0.469814946469846	25
20220831 203559	binary	average_precision	TRUE	TRUE	FALSE	-100	102191	-1	0	0	0	31	387	TRUE	TRUE	266	0.0211315258237438	0.799931866639842	314	156	0.470152603162459	26
20220831 203719	binary	average_precision	TRUE	TRUE	FALSE	-100	102191	-1	0	0	0	31	1391	TRUE	TRUE	526	0.0100751707598053	0.749082650287701	809	1000	0.458629805065981	27
20220831 203746	binary	average_precision	TRUE	TRUE	FALSE	-100	102191	-1	0	0	0	31	361	TRUE	TRUE	222	0.0259351999392698	0.74045455446962	310	709	0.466839945710195	28
20220831 203753	binary	average_precision	TRUE	TRUE	FALSE	-100	102191	-1	0	0	0	31	334	TRUE	TRUE	266	0.0211332852119895	0.743009404144356	235	10	0.469750086294031	29
20220831 203903	binary	average_precision	TRUE	TRUE	FALSE	-100	102191	-1	0	0	0	31	774	TRUE	TRUE	526	0.0100604503895878	0.764017962362925	265	987	0.470238306210463	30
20220831 203922	binary	average_precision	TRUE	TRUE	FALSE	-100	102191	-1	0	0	0	31	238	TRUE	TRUE	201	0.0291489298264948	0.798154080177548	272	59	0.469430595150887	31
20220831 204023	binary	average_precision	TRUE	TRUE	FALSE	-100	102191	-1	0	0	0	31	835	TRUE	TRUE	525	0.0100981907480676	0.784865552955575	343	580	0.47090436220833	32
20220831 204031	binary	average_precision	TRUE	TRUE	FALSE	-100	102191	-1	0	0	0	31	442	TRUE	TRUE	222	0.0259419091585883	0.729014869588011	402	10	0.471588947608584	33
20220831 204144	binary	average_precision	TRUE	TRUE	FALSE	-100	102191	-1	0	0	0	31	416	TRUE	TRUE	529	0.0100110108583681	0.747005843530341	72	572	0.46475023570999	34
20220831 204149	binary	average_precision	TRUE	TRUE	FALSE	-100	102191	-1	0	0	0	31	411	TRUE	TRUE	218	0.0264812301692434	0.384826422653572	270	10	0.465277583073298	35
20220831 204252	binary	average_precision	TRUE	TRUE	FALSE	-100	102191	-1	0	0	0	31	864	TRUE	TRUE	508	0.0104575214049918	0.762046032986754	292	196	0.471481699725777	36
20220831 204307	binary	average_precision	TRUE	TRUE	FALSE	-100	102191	-1	0	0	0	31	998	TRUE	TRUE	524	0.0101162897571985	0.71233942413232	422	917	0.469390021396092	37
20220831 204312	binary	average_precision	TRUE	TRUE	FALSE	-100	102191	-1	0	0	0	31	210	TRUE	TRUE	218	0.0265168184184381	0.756983861438297	21	10	0.469302293597771	38
20220831 204315	binary	average_precision	TRUE	TRUE	FALSE	-100	102191	-1	0	0	0	31	173	TRUE	TRUE	127	0.051487214321726	0.620568447213637	259	10	0.471504539079802	39
20220831 204318	binary	average_precision	TRUE	TRUE	FALSE	-100	102191	-1	0	0	0	31	154	TRUE	TRUE	130	0.0499845327889174	0.627114990237145	101	10	0.4713223900314	40
20220831 204320	binary	average_precision	TRUE	TRUE	FALSE	-100	102191	-1	0	0	0	31	123	TRUE	TRUE	110	0.062043295047312	0.502245939630858	132	10	0.465259297388861	41
20220831 204327	binary	average_precision	TRUE	TRUE	FALSE	-100	102191	-1	0	0	0	31	363	TRUE	TRUE	222	0.0260316129300099	0.648970534158253	336	236	0.469918339076296	42
20220831 204331	binary	average_precision	TRUE	TRUE	FALSE	-100	102191	-1	0	0	0	31	243	TRUE	TRUE	128	0.0508393065929177	0.62437254932805	521	10	0.469349853887706	43
20220831 204335	binary	average_precision	TRUE	TRUE	FALSE	-100	102191	-1	0	0	0	31	128	TRUE	TRUE	127	0.051463011340913	0.649030278725166	159	331	0.464930276105406	44
20220831 204342	binary	average_precision	TRUE	TRUE	FALSE	-100	102191	-1	0	0	0	31	368	TRUE	TRUE	225	0.0256172634007441	0.752189194974537	314	12	0.469373928099688	45
20220831 204349	binary	average_precision	TRUE	TRUE	FALSE	-100	102191	-1	0	0	0	31	522	TRUE	TRUE	263	0.0214184625714604	0.799482951855187	459	333	0.468483163811436	46
20220831 204355	binary	average_precision	TRUE	TRUE	FALSE	-100	102191	-1	0	0	0	31	204	TRUE	TRUE	217	0.026722533576584	0.726827985350558	235	148	0.470413619350966	47
20220831 204404	binary	average_precision	TRUE	TRUE	FALSE	-100	102191	-1	0	0	0	31	486	TRUE	TRUE	337	0.0162707484922226	0.659979760593711	374	415	0.468520130879124	48
20220831 204408	binary	average_precision	TRUE	TRUE	FALSE	-100	102191	-1	0	0	0	31	191	TRUE	TRUE	137	0.0467102157231805	0.615217257373703	409	10	0.464798169633109	49
20220831 204412	binary	average_precision	TRUE	TRUE	FALSE	-100	102191	-1	0	0	0	31	274	TRUE	TRUE	112	0.0604995719487442	0.694174976050036	590	11	0.460000016548846	50
20220831 204416	binary	average_precision	TRUE	TRUE	FALSE	-100	102191	-1	0	0	0	31	169	TRUE	TRUE	124	0.0527996519878463	0.743387053622272	177	10	0.47133952882691	51
20220831 204423	binary	average_precision	TRUE	TRUE	FALSE	-100	102191	-1	0	0	0	31	432	TRUE	TRUE	214	0.0271558034410199	0.785073923515726	598	11	0.462541272416794	52
20220831 204426	binary	average_precision	TRUE	TRUE	FALSE	-100	102191	-1	0	0	0	31	188	TRUE	TRUE	124	0.0530832322434736	0.313929596602921	216	35	0.462449890541574	53
20220831 204430	binary	average_precision	TRUE	TRUE	FALSE	-100	102191	-1	0	0	0	31	206	TRUE	TRUE	151	0.0412654844260736	0.714721314663476	5	10	0.467724974184887	54
20220831 204434	binary	average_precision	TRUE	TRUE	FALSE	-100	102191	-1	0	0	0	31	149	TRUE	TRUE	131	0.049257198013418	0.783941376822421	218	10	0.46964230901077	55
20220831 204444	binary	average_precision	TRUE	TRUE	FALSE	-100	102191	-1	0	0	0	31	423	TRUE	TRUE	303	0.0182855988626591	0.73593151498272	270	870	0.471134853526204	56
20220831 204459	binary	average_precision	TRUE	TRUE	FALSE	-100	102191	-1	0	0	0	31	934	TRUE	TRUE	528	0.0100235931761419	0.467523558826937	285	795	0.468734058442316	57
20220831 204503	binary	average_precision	TRUE	TRUE	FALSE	-100	102191	-1	0	0	0	31	193	TRUE	TRUE	125	0.0521685869555071	0.587862633155847	533	826	0.465125047730859	58
20220831 204506	binary	average_precision	TRUE	TRUE	FALSE	-100	102191	-1	0	0	0	31	207	TRUE	TRUE	127	0.0510643549566193	0.551307635131591	741	332	0.457486210312222	59
20220831 204509	binary	average_precision	TRUE	TRUE	FALSE	-100	102191	-1	0	0	0	31	164	TRUE	TRUE	122	0.0542476142064479	0.695131176331749	9	10	0.467346659733386	60
20220831 204519	binary	average_precision	TRUE	TRUE	FALSE	-100	102191	-1	0	0	0	31	638	TRUE	TRUE	280	0.0199943891136944	0.601102382172216	534	980	0.467366835182299	61
20220831 204526	binary	average_precision	TRUE	TRUE	FALSE	-100	102191	-1	0	0	0	31	375	TRUE	TRUE	258	0.021853837074093	0.631219839654871	416	186	0.46935119998808	62
20220831 204531	binary	average_precision	TRUE	TRUE	FALSE	-100	102191	-1	0	0	0	31	432	TRUE	TRUE	170	0.0357012141325871	0.546066179719803	513	1000	0.468157928791772	63
20220831 204536	binary	average_precision	TRUE	TRUE	FALSE	-100	102191	-1	0	0	0	31	564	TRUE	TRUE	213	0.0273222341107272	0.203992056223705	452	997	0.463951382470697	64
20220831 204544	binary	average_precision	TRUE	TRUE	FALSE	-100	102191	-1	0	0	0	31	379	TRUE	TRUE	305	0.018153975944167	0.799639276415347	267	274	0.468769844920538	65
20220831 204556	binary	average_precision	TRUE	TRUE	FALSE	-100	102191	-1	0	0	0	31	670	TRUE	TRUE	400	0.0134929318128974	0.755729727759852	329	844	0.4689311846284	66
20220831 204605	binary	average_precision	TRUE	TRUE	FALSE	-100	102191	-1	0	0	0	31	430	TRUE	TRUE	274	0.0204098021817875	0.565896932111206	262	1000	0.470656466504282	67
20220831 204613	binary	average_precision	TRUE	TRUE	FALSE	-100	102191	-1	0	0	0	31	453	TRUE	TRUE	212	0.0274458587961511	0.620807470284525	431	487	0.469164735358762	68
20220831 204627	binary	average_precision	TRUE	TRUE	FALSE	-100	102191	-1	0	0	0	31	294	TRUE	TRUE	275	0.0203644029831756	0.670856999729895	95	995	0.466435367691284	69
20220831 204635	binary	average_precision	TRUE	TRUE	FALSE	-100	102191	-1	0	0	0	31	362	TRUE	TRUE	274	0.0204302808135219	0.656707338043832	362	710	0.468232185908666	70
20220831 204642	binary	average_precision	TRUE	TRUE	FALSE	-100	102191	-1	0	0	0	31	344	TRUE	TRUE	214	0.0270318570255489	0.740308125431285	403	201	0.468496061307384	71
20220831 204650	binary	average_precision	TRUE	TRUE	FALSE	-100	102191	-1	0	0	0	31	349	TRUE	TRUE	208	0.0280086749210579	0.648949672273667	251	10	0.470373520661273	72
20220831 204656	binary	average_precision	TRUE	TRUE	FALSE	-100	102191	-1	0	0	0	31	219	TRUE	TRUE	156	0.0395910490538073	0.594502689224703	261	999	0.470784370646938	73
20220831 204703	binary	average_precision	TRUE	TRUE	FALSE	-100	102191	-1	0	0	0	31	298	TRUE	TRUE	256	0.0221055918202418	0.779728459774507	266	429	0.469645942502332	74
20220831 204710	binary	average_precision	TRUE	TRUE	FALSE	-100	102191	-1	0	0	0	31	196	TRUE	TRUE	177	0.0338984382638493	0.577478616521704	265	989	0.46830395225985	75
20220831 204715	binary	average_precision	TRUE	TRUE	FALSE	-100	102191	-1	0	0	0	31	356	TRUE	TRUE	156	0.0396709382995078	0.437468306119865	361	872	0.469980608001833	76
20220831 204721	binary	average_precision	TRUE	TRUE	FALSE	-100	102191	-1	0	0	0	31	313	TRUE	TRUE	148	0.0420249745972344	0.618863208915654	429	983	0.467166838661131	77
20220831 204726	binary	average_precision	TRUE	TRUE	FALSE	-100	102191	-1	0	0	0	31	131	TRUE	TRUE	154	0.0402019403596303	0.494541805905033	105	876	0.468962740568745	78
20220831 204733	binary	average_precision	TRUE	TRUE	FALSE	-100	102191	-1	0	0	0	31	248	TRUE	TRUE	158	0.039030016246724	0.564623406569577	258	726	0.468573651735417	79
20220831 204737	binary	average_precision	TRUE	TRUE	FALSE	-100	102191	-1	0	0	0	31	143	TRUE	TRUE	129	0.0500013652995205	0.465772159383558	266	1000	0.466847104228317	80
20220831 204741	binary	average_precision	TRUE	TRUE	FALSE	-100	102191	-1	0	0	0	31	484	TRUE	TRUE	153	0.040328315883928	0.206570867848563	538	630	0.461379256774007	81
20220831 204746	binary	average_precision	TRUE	TRUE	FALSE	-100	102191	-1	0	0	0	31	219	TRUE	TRUE	152	0.0406516669370565	0.404455195351791	254	973	0.461873348767847	82
20220831 204753	binary	average_precision	TRUE	TRUE	FALSE	-100	102191	-1	0	0	0	31	191	TRUE	TRUE	157	0.0391492927155577	0.779339059604835	98	962	0.462648514469698	83
20220831 204757	binary	average_precision	TRUE	TRUE	FALSE	-100	102191	-1	0	0	0	31	117	TRUE	TRUE	124	0.0529735059871395	0.695265282803987	259	977	0.463935831286007	84
20220831 204811	binary	average_precision	TRUE	TRUE	FALSE	-100	102191	-1	0	0	0	31	703	TRUE	TRUE	528	0.0100369090450461	0.502473365617587	78	39	0.468013284308936	85
20220831 204817	binary	average_precision	TRUE	TRUE	FALSE	-100	102191	-1	0	0	0	31	376	TRUE	TRUE	219	0.0263572389466375	0.5583232073879	490	76	0.465943672504234	86
20220831 204823	binary	average_precision	TRUE	TRUE	FALSE	-100	102191	-1	0	0	0	31	470	TRUE	TRUE	219	0.0263880184828378	0.448644171599213	379	449	0.469276932076327	87
20220831 204837	binary	average_precision	TRUE	TRUE	FALSE	-100	102191	-1	0	0	0	31	643	TRUE	TRUE	529	0.0100194661306651	0.588477978211872	180	851	0.470706849415524	88
20220831 204843	binary	average_precision	TRUE	TRUE	FALSE	-100	102191	-1	0	0	0	31	199	TRUE	TRUE	225	0.0255281253057409	0.546502584450162	119	576	0.467801844254861	89
20220831 204847	binary	average_precision	TRUE	TRUE	FALSE	-100	102191	-1	0	0	0	31	245	TRUE	TRUE	126	0.0517751327876034	0.453309045268906	506	381	0.465472437885259	90
20220831 204902	binary	average_precision	TRUE	TRUE	FALSE	-100	102191	-1	0	0	0	31	953	TRUE	TRUE	528	0.010027263118765	0.79864427023625	350	66	0.470134101960535	91
20220831 204919	binary	average_precision	TRUE	TRUE	FALSE	-100	102191	-1	0	0	0	31	649	TRUE	TRUE	529	0.0100056547178524	0.756962569691821	139	59	0.468532419222736	92
20220831 204923	binary	average_precision	TRUE	TRUE	FALSE	-100	102191	-1	0	0	0	31	210	TRUE	TRUE	140	0.0454487516483959	0.548072344924217	337	918	0.465836295619672	93
20220831 204928	binary	average_precision	TRUE	TRUE	FALSE	-100	102191	-1	0	0	0	31	223	TRUE	TRUE	161	0.0380990859407017	0.544229055007637	375	906	0.46717630504969	94
20220831 204932	binary	average_precision	TRUE	TRUE	FALSE	-100	102191	-1	0	0	0	31	361	TRUE	TRUE	157	0.0392384324074678	0.438182512923772	520	844	0.467938444240296	95
20220831 204944	binary	average_precision	TRUE	TRUE	FALSE	-100	102191	-1	0	0	0	31	1028	TRUE	TRUE	529	0.0100003984208251	0.330015951041007	273	280	0.467661626596259	96
20220831 204958	binary	average_precision	TRUE	TRUE	FALSE	-100	102191	-1	0	0	0	31	716	TRUE	TRUE	528	0.0100245389380064	0.61697245525406	261	459	0.469374795335399	97
20220831 205219	binary	average_precision	TRUE	TRUE	FALSE	-100	102191	-1	0	0	0	31	2812	TRUE	TRUE	528	0.0100396287408094	0.46839481227472	1	819	0.45252267356544	98
20220831 205228	binary	average_precision	TRUE	TRUE	FALSE	-100	102191	-1	0	0	0	31	336	TRUE	TRUE	245	0.0231581674065351	0.640171702255955	191	1000	0.466187876981572	99
20220831 205240	binary	average_precision	TRUE	TRUE	FALSE	-100	102191	-1	0	0	0	31	952	TRUE	TRUE	524	0.0101090145668512	0.508111881941586	266	180	0.468676463376604	100
20220831 205254	binary	average_precision	TRUE	TRUE	FALSE	-100	102191	-1	0	0	0	31	858	TRUE	TRUE	528	0.0100343200432281	0.574737507075568	280	986	0.470683511921462	101
20220831 205301	binary	average_precision	TRUE	TRUE	FALSE	-100	102191	-1	0	0	0	31	544	TRUE	TRUE	281	0.0198512810275368	0.448291426364143	425	937	0.466893889621903	102
20220831 205305	binary	average_precision	TRUE	TRUE	FALSE	-100	102191	-1	0	0	0	31	186	TRUE	TRUE	153	0.0406110320791906	0.484401673328085	94	21	0.467282567631315	103
20220831 205311	binary	average_precision	TRUE	TRUE	FALSE	-100	102191	-1	0	0	0	31	546	TRUE	TRUE	258	0.0218531606122117	0.22311068095568	344	382	0.465920401259332	104
20220831 205314	binary	average_precision	TRUE	TRUE	FALSE	-100	102191	-1	0	0	0	31	131	TRUE	TRUE	133	0.0483291765411393	0.780898992418191	78	10	0.465376893526828	105
20220831 205323	binary	average_precision	TRUE	TRUE	FALSE	-100	102191	-1	0	0	0	31	92	TRUE	TRUE	150	0.0414304469652432	0.595635848274941	34	881	0.461272273110224	106
20220831 205327	binary	average_precision	TRUE	TRUE	FALSE	-100	102191	-1	0	0	0	31	203	TRUE	TRUE	158	0.038978428535508	0.470053040249069	281	592	0.467683568064205	107
20220831 205337	binary	average_precision	TRUE	TRUE	FALSE	-100	102191	-1	0	0	0	31	1214	TRUE	TRUE	528	0.0100355619807704	0.250803347705022	400	12	0.46631229731766	108
20220831 205350	binary	average_precision	TRUE	TRUE	FALSE	-100	102191	-1	0	0	0	31	1686	TRUE	TRUE	529	0.0100079442773202	0.270664006077296	441	693	0.467882759710222	109
20220831 205354	binary	average_precision	TRUE	TRUE	FALSE	-100	102191	-1	0	0	0	31	146	TRUE	TRUE	130	0.049963058886678	0.617922961691901	184	11	0.468921733926915	110
20220831 205358	binary	average_precision	TRUE	TRUE	FALSE	-100	102191	-1	0	0	0	31	156	TRUE	TRUE	114	0.0594804499074641	0.699350339819539	248	10	0.468594630255068	111
20220831 205405	binary	average_precision	TRUE	TRUE	FALSE	-100	102191	-1	0	0	0	31	667	TRUE	TRUE	217	0.0266356865463986	0.325868337109349	405	656	0.466174583352246	112
20220831 205407	binary	average_precision	TRUE	TRUE	FALSE	-100	102191	-1	0	0	0	31	118	TRUE	TRUE	110	0.0620418695852013	0.437738446769756	368	786	0.465032610200088	113
20220831 205415	binary	average_precision	TRUE	TRUE	FALSE	-100	102191	-1	0	0	0	31	491	TRUE	TRUE	297	0.0187082202945864	0.630692460654014	1	10	0.470014589117699	114
20220831 205422	binary	average_precision	TRUE	TRUE	FALSE	-100	102191	-1	0	0	0	31	200	TRUE	TRUE	221	0.0261407128545172	0.652348177916542	100	140	0.464969338057943	115
20220831 205438	binary	average_precision	TRUE	TRUE	FALSE	-100	102191	-1	0	0	0	31	660	TRUE	TRUE	529	0.0100124003336361	0.742498520526185	174	616	0.470068362758854	116
20220831 205442	binary	average_precision	TRUE	TRUE	FALSE	-100	102191	-1	0	0	0	31	188	TRUE	TRUE	127	0.0511067759791211	0.345206802904191	354	73	0.467202542913516	117
20220831 205451	binary	average_precision	TRUE	TRUE	FALSE	-100	102191	-1	0	0	0	31	558	TRUE	TRUE	282	0.0197891055762355	0.796301669537441	472	964	0.468688574912647	118
20220831 205455	binary	average_precision	TRUE	TRUE	FALSE	-100	102191	-1	0	0	0	31	124	TRUE	TRUE	127	0.0514482813652568	0.794104928976486	352	69	0.468015098234934	119
20220831 205458	binary	average_precision	TRUE	TRUE	FALSE	-100	102191	-1	0	0	0	31	157	TRUE	TRUE	126	0.0520019728025229	0.50772383543164	56	10	0.469239797807162	120
20220831 205501	binary	average_precision	TRUE	TRUE	FALSE	-100	102191	-1	0	0	0	31	138	TRUE	TRUE	120	0.0553019765331726	0.458262653649564	386	10	0.467103082687446	121
20220831 205506	binary	average_precision	TRUE	TRUE	FALSE	-100	102191	-1	0	0	0	31	544	TRUE	TRUE	299	0.018557565380431	0.315697253031894	1	10	0.471104854049597	122
20220831 205511	binary	average_precision	TRUE	TRUE	FALSE	-100	102191	-1	0	0	0	31	379	TRUE	TRUE	273	0.0205009597209341	0.452676602202958	1	10	0.471352972792146	123
20220831 205523	binary	average_precision	TRUE	TRUE	FALSE	-100	102191	-1	0	0	0	31	843	TRUE	TRUE	529	0.0100070038978003	0.297708177580011	148	538	0.467023084118761	124
20220831 205531	binary	average_precision	TRUE	TRUE	FALSE	-100	102191	-1	0	0	0	31	633	TRUE	TRUE	370	0.0146964579657925	0.205948926236381	135	139	0.464659808272385	125
20220831 205538	binary	average_precision	TRUE	TRUE	FALSE	-100	102191	-1	0	0	0	31	366	TRUE	TRUE	252	0.0224955898867402	0.784793836867813	429	10	0.470537589289105	126
20220831 205542	binary	average_precision	TRUE	TRUE	FALSE	-100	102191	-1	0	0	0	31	223	TRUE	TRUE	125	0.0525430706252044	0.337178160576135	427	836	0.468946080849958	127
20220831 205555	binary	average_precision	TRUE	TRUE	FALSE	-100	102191	-1	0	0	0	31	1670	TRUE	TRUE	521	0.0101807821555092	0.226165945387155	299	979	0.4667416482191	128
20220831 205610	binary	average_precision	TRUE	TRUE	FALSE	-100	102191	-1	0	0	0	31	917	TRUE	TRUE	526	0.0100700491770865	0.717575043247142	453	558	0.468966891665515	129
20220831 205617	binary	average_precision	TRUE	TRUE	FALSE	-100	102191	-1	0	0	0	31	364	TRUE	TRUE	297	0.0187211271786952	0.41776687163318	165	562	0.466720317312901	130
20220831 205653	binary	average_precision	TRUE	TRUE	FALSE	-100	102191	-1	0	0	0	31	1264	TRUE	TRUE	214	0.0270301196759926	0.279523056883696	0	268	0.457517611256772	131
20220831 205708	binary	average_precision	TRUE	TRUE	FALSE	-100	102191	-1	0	0	0	31	2065	TRUE	TRUE	526	0.0100787118885888	0.286698806569055	637	992	0.464021276585078	132
20220831 205714	binary	average_precision	TRUE	TRUE	FALSE	-100	102191	-1	0	0	0	31	267	TRUE	TRUE	231	0.0247765896727051	0.723874694842792	264	116	0.470962536904026	133
20220831 205718	binary	average_precision	TRUE	TRUE	FALSE	-100	102191	-1	0	0	0	31	333	TRUE	TRUE	124	0.0527443130797965	0.252055811080691	539	11	0.460594193916623	134
20220831 205724	binary	average_precision	TRUE	TRUE	FALSE	-100	102191	-1	0	0	0	31	528	TRUE	TRUE	368	0.0147922942946876	0.388047258297689	1	11	0.471322464402833	135
20220831 205728	binary	average_precision	TRUE	TRUE	FALSE	-100	102191	-1	0	0	0	31	183	TRUE	TRUE	126	0.0518761584994505	0.428189008760905	354	614	0.466550612189738	136
20220831 205732	binary	average_precision	TRUE	TRUE	FALSE	-100	102191	-1	0	0	0	31	222	TRUE	TRUE	126	0.0518585795964598	0.423328620362338	488	1000	0.472212669314802	137
20220831 205736	binary	average_precision	TRUE	TRUE	FALSE	-100	102191	-1	0	0	0	31	145	TRUE	TRUE	123	0.0535047852010051	0.741161095387088	266	11	0.472819917624618	138
20220831 205740	binary	average_precision	TRUE	TRUE	FALSE	-100	102191	-1	0	0	0	31	195	TRUE	TRUE	121	0.0547663859768414	0.455855228651614	446	1000	0.466704263772645	139
20220831 205744	binary	average_precision	TRUE	TRUE	FALSE	-100	102191	-1	0	0	0	31	184	TRUE	TRUE	131	0.0493573745212978	0.421906805079654	526	1000	0.465350660175821	140
20220831 205754	binary	average_precision	TRUE	TRUE	FALSE	-100	102191	-1	0	0	0	31	491	TRUE	TRUE	331	0.0165853642088724	0.614065531901756	248	999	0.47130472174053	141
20220831 205800	binary	average_precision	TRUE	TRUE	FALSE	-100	102191	-1	0	0	0	31	486	TRUE	TRUE	189	0.0312900438425026	0.449882288396785	601	1000	0.462143408382266	142
20220831 205805	binary	average_precision	TRUE	TRUE	FALSE	-100	102191	-1	0	0	0	31	356	TRUE	TRUE	146	0.0427454565441681	0.426514008924155	477	846	0.465866628304514	143
20220831 205808	binary	average_precision	TRUE	TRUE	FALSE	-100	102191	-1	0	0	0	31	128	TRUE	TRUE	103	0.0683029084596622	0.362363045919246	339	261	0.461029251824791	144
20220831 205812	binary	average_precision	TRUE	TRUE	FALSE	-100	102191	-1	0	0	0	31	84	TRUE	TRUE	105	0.0665929612034508	0.463111204693185	103	921	0.459032503798877	145
20220831 205816	binary	average_precision	TRUE	TRUE	FALSE	-100	102191	-1	0	0	0	31	196	TRUE	TRUE	124	0.0528068612042124	0.784267788952534	485	11	0.463327104998198	146
20220831 205827	binary	average_precision	TRUE	TRUE	FALSE	-100	102191	-1	0	0	0	31	665	TRUE	TRUE	439	0.0122143672778517	0.766385226633979	261	10	0.471737156577277	147
20220831 205831	binary	average_precision	TRUE	TRUE	FALSE	-100	102191	-1	0	0	0	31	192	TRUE	TRUE	111	0.0616911533822482	0.403869309580738	494	982	0.468419121826689	148
20220831 205834	binary	average_precision	TRUE	TRUE	FALSE	-100	102191	-1	0	0	0	31	239	TRUE	TRUE	103	0.0680845448985371	0.26311133099352	506	1000	0.461191492922481	149
20220831 205846	binary	average_precision	TRUE	TRUE	FALSE	-100	102191	-1	0	0	0	31	1592	TRUE	TRUE	450	0.0118783634687242	0.330940935159363	704	10	0.461403689281208	150
20220831 205903	binary	average_precision	TRUE	TRUE	FALSE	-100	102191	-1	0	0	0	31	759	TRUE	TRUE	488	0.0109145204788861	0.677086657148441	243	872	0.471210577999054	151
20220831 205912	binary	average_precision	TRUE	TRUE	FALSE	-100	102191	-1	0	0	0	31	422	TRUE	TRUE	306	0.0180897302556105	0.674685123387138	296	1000	0.468991028218248	152
20220831 205923	binary	average_precision	TRUE	TRUE	FALSE	-100	102191	-1	0	0	0	31	627	TRUE	TRUE	356	0.0153350840830442	0.564278958370901	237	717	0.469124063646652	153
20220831 205927	binary	average_precision	TRUE	TRUE	FALSE	-100	102191	-1	0	0	0	31	285	TRUE	TRUE	109	0.0625694982391586	0.379517251500607	779	994	0.459525642646492	154
20220831 205932	binary	average_precision	TRUE	TRUE	FALSE	-100	102191	-1	0	0	0	31	218	TRUE	TRUE	171	0.0353273750620658	0.673841697866475	9	10	0.466076682358971	155
20220831 205936	binary	average_precision	TRUE	TRUE	FALSE	-100	102191	-1	0	0	0	31	238	TRUE	TRUE	156	0.0395381286443499	0.404556307761339	469	62	0.462919927183869	156
20220831 205940	binary	average_precision	TRUE	TRUE	FALSE	-100	102191	-1	0	0	0	31	170	TRUE	TRUE	127	0.0515403337888584	0.717124357776201	267	13	0.467362398622167	157
20220831 205944	binary	average_precision	TRUE	TRUE	FALSE	-100	102191	-1	0	0	0	31	152	TRUE	TRUE	121	0.0548876229850676	0.605013899233247	277	33	0.462800726791708	158
20220831 205948	binary	average_precision	TRUE	TRUE	FALSE	-100	102191	-1	0	0	0	31	156	TRUE	TRUE	116	0.0574727270026398	0.757224715317916	246	13	0.464715653896762	159
20220831 205955	binary	average_precision	TRUE	TRUE	FALSE	-100	102191	-1	0	0	0	31	458	TRUE	TRUE	330	0.016657416241126	0.479519325810535	10	11	0.472206976176024	160
20220831 205959	binary	average_precision	TRUE	TRUE	FALSE	-100	102191	-1	0	0	0	31	153	TRUE	TRUE	127	0.0511784647197469	0.53992322219658	384	13	0.463018708410268	161
20220831 210005	binary	average_precision	TRUE	TRUE	FALSE	-100	102191	-1	0	0	0	31	470	TRUE	TRUE	311	0.0177806202515607	0.420643108942726	97	10	0.471678239271712	162
20220831 210011	binary	average_precision	TRUE	TRUE	FALSE	-100	102191	-1	0	0	0	31	328	TRUE	TRUE	296	0.0187464081859726	0.527875307098574	57	12	0.470947980555666	163
20220831 210014	binary	average_precision	TRUE	TRUE	FALSE	-100	102191	-1	0	0	0	31	206	TRUE	TRUE	113	0.0598479526746575	0.391525044650723	455	41	0.464328999531824	164
20220831 210022	binary	average_precision	TRUE	TRUE	FALSE	-100	102191	-1	0	0	0	31	653	TRUE	TRUE	382	0.0142023394098546	0.464031445692989	190	11	0.471374370676896	165
20220831 210029	binary	average_precision	TRUE	TRUE	FALSE	-100	102191	-1	0	0	0	31	452	TRUE	TRUE	336	0.0163071445828303	0.335582947786658	162	15	0.46812870694392	166
20220831 210036	binary	average_precision	TRUE	TRUE	FALSE	-100	102191	-1	0	0	0	31	420	TRUE	TRUE	216	0.026777749356095	0.685559214447509	411	17	0.467861169661243	167
20220831 210043	binary	average_precision	TRUE	TRUE	FALSE	-100	102191	-1	0	0	0	31	371	TRUE	TRUE	235	0.0242914629865124	0.588185732704986	275	325	0.469244878571454	168
20220831 210051	binary	average_precision	TRUE	TRUE	FALSE	-100	102191	-1	0	0	0	31	326	TRUE	TRUE	290	0.0191962663429341	0.484694990419775	135	33	0.469427131815158	169
20220831 210059	binary	average_precision	TRUE	TRUE	FALSE	-100	102191	-1	0	0	0	31	574	TRUE	TRUE	377	0.0143750715126654	0.582607096253007	22	11	0.473100925352079	170
20220831 210111	binary	average_precision	TRUE	TRUE	FALSE	-100	102191	-1	0	0	0	31	576	TRUE	TRUE	392	0.013781522312308	0.61446001014472	178	14	0.471189217827757	171
20220831 210121	binary	average_precision	TRUE	TRUE	FALSE	-100	102191	-1	0	0	0	31	774	TRUE	TRUE	407	0.0132276067177319	0.431275412535129	382	312	0.466656962253052	172
20220831 210127	binary	average_precision	TRUE	TRUE	FALSE	-100	102191	-1	0	0	0	31	291	TRUE	TRUE	215	0.0269075889237257	0.495282993006327	294	838	0.468150762728904	173
20220831 210134	binary	average_precision	TRUE	TRUE	FALSE	-100	102191	-1	0	0	0	31	651	TRUE	TRUE	337	0.0162449471048911	0.294098228736187	320	868	0.468409058910408	174
20220831 210143	binary	average_precision	TRUE	TRUE	FALSE	-100	102191	-1	0	0	0	31	294	TRUE	TRUE	270	0.0208108462360745	0.799433002769778	236	907	0.468579974521405	175
20220831 210156	binary	average_precision	TRUE	TRUE	FALSE	-100	102191	-1	0	0	0	31	1069	TRUE	TRUE	522	0.0101554092322332	0.363290828860354	346	955	0.46946466350103	176
20220831 210202	binary	average_precision	TRUE	TRUE	FALSE	-100	102191	-1	0	0	0	31	423	TRUE	TRUE	312	0.0176905294904729	0.435683019066634	3	10	0.466622477420615	177
20220831 210216	binary	average_precision	TRUE	TRUE	FALSE	-100	102191	-1	0	0	0	31	1471	TRUE	TRUE	508	0.0104395402689578	0.460628991246775	698	731	0.463010980760643	178
20220831 210220	binary	average_precision	TRUE	TRUE	FALSE	-100	102191	-1	0	0	0	31	110	TRUE	TRUE	123	0.0534327282779501	0.422261099047857	154	922	0.470278119818936	179
20220831 210236	binary	average_precision	TRUE	TRUE	FALSE	-100	102191	-1	0	0	0	31	959	TRUE	TRUE	526	0.0100622591520389	0.628198933477161	356	738	0.470396925158821	180
20220831 210243	binary	average_precision	TRUE	TRUE	FALSE	-100	102191	-1	0	0	0	31	432	TRUE	TRUE	282	0.0198396073803041	0.381798686083025	66	11	0.468976744859015	181
20220831 210252	binary	average_precision	TRUE	TRUE	FALSE	-100	102191	-1	0	0	0	31	719	TRUE	TRUE	394	0.0137047626988197	0.365333404820529	376	784	0.469041763217118	182
20220831 210305	binary	average_precision	TRUE	TRUE	FALSE	-100	102191	-1	0	0	0	31	721	TRUE	TRUE	459	0.0116532169193003	0.568691543956363	223	233	0.468341808096815	183
20220831 210315	binary	average_precision	TRUE	TRUE	FALSE	-100	102191	-1	0	0	0	31	693	TRUE	TRUE	386	0.0140214200599484	0.404303708694116	238	134	0.468211499301339	184
20220831 210330	binary	average_precision	TRUE	TRUE	FALSE	-100	102191	-1	0	0	0	31	831	TRUE	TRUE	467	0.0114325054722033	0.706884120960315	266	704	0.469690654309964	185
20220831 210340	binary	average_precision	TRUE	TRUE	FALSE	-100	102191	-1	0	0	0	31	765	TRUE	TRUE	304	0.0182376063212043	0.779939784121575	607	620	0.463910084093269	186
20220831 210350	binary	average_precision	TRUE	TRUE	FALSE	-100	102191	-1	0	0	0	31	686	TRUE	TRUE	430	0.0124783179471163	0.511414336110413	349	462	0.468055566119884	187
20220831 210356	binary	average_precision	TRUE	TRUE	FALSE	-100	102191	-1	0	0	0	31	289	TRUE	TRUE	180	0.0332855306022021	0.442591554257279	279	763	0.471649845946116	188
20220831 210402	binary	average_precision	TRUE	TRUE	FALSE	-100	102191	-1	0	0	0	31	367	TRUE	TRUE	224	0.0257259326885857	0.465403628209928	46	10	0.467262402862438	189
20220831 210415	binary	average_precision	TRUE	TRUE	FALSE	-100	102191	-1	0	0	0	31	975	TRUE	TRUE	523	0.0101228703572241	0.528307785560869	440	805	0.468386289206607	190
20220831 210423	binary	average_precision	TRUE	TRUE	FALSE	-100	102191	-1	0	0	0	31	399	TRUE	TRUE	334	0.0164235536531971	0.556353429867185	98	18	0.469572296157069	191
20220831 210431	binary	average_precision	TRUE	TRUE	FALSE	-100	102191	-1	0	0	0	31	819	TRUE	TRUE	298	0.0186373725208404	0.222764903113828	291	731	0.46492148538927	192
20220831 210435	binary	average_precision	TRUE	TRUE	FALSE	-100	102191	-1	0	0	0	31	206	TRUE	TRUE	122	0.053818965561168	0.422673972378444	323	998	0.464452086475708	193
20220831 210441	binary	average_precision	TRUE	TRUE	FALSE	-100	102191	-1	0	0	0	31	690	TRUE	TRUE	203	0.0287944828054053	0.429612097669905	1406	169	0.447462615127094	194
20220831 210448	binary	average_precision	TRUE	TRUE	FALSE	-100	102191	-1	0	0	0	31	576	TRUE	TRUE	438	0.0122354480400783	0.31556855185164	3	13	0.467182273111342	195
20220831 210451	binary	average_precision	TRUE	TRUE	FALSE	-100	102191	-1	0	0	0	31	198	TRUE	TRUE	74	0.111559722281711	0.207827614395833	452	449	0.457390073488418	196
20220831 210454	binary	average_precision	TRUE	TRUE	FALSE	-100	102191	-1	0	0	0	31	187	TRUE	TRUE	54	0.20068245150242	0.240069908504048	1327	716	0.440487397713596	197
20220831 210459	binary	average_precision	TRUE	TRUE	FALSE	-100	102191	-1	0	0	0	31	87	TRUE	TRUE	127	0.0510378949481053	0.45008854877285	71	807	0.462159024627242	198
20220831 210503	binary	average_precision	TRUE	TRUE	FALSE	-100	102191	-1	0	0	0	31	221	TRUE	TRUE	123	0.0536813667301143	0.424730288517472	492	775	0.466001179225466	199
20220831 210509	binary	average_precision	TRUE	TRUE	FALSE	-100	102191	-1	0	0	0	31	305	TRUE	TRUE	180	0.0331610064257698	0.439725337075864	380	546	0.467472416942184	200
20220831 210603	binary	average_precision	TRUE	TRUE	FALSE	-100	102191	-1	0	0	0	31	1497	TRUE	TRUE	262	0.0214794637062156	0.5210442866163	4	392	0.45560111713411	201
20220831 210611	binary	average_precision	TRUE	TRUE	FALSE	-100	102191	-1	0	0	0	31	476	TRUE	TRUE	370	0.0146672094028625	0.488820928798219	63	10	0.47004295616988	202
20220831 210614	binary	average_precision	TRUE	TRUE	FALSE	-100	102191	-1	0	0	0	31	63	TRUE	TRUE	49	0.25864910662719	0.383640157549875	760	895	0.456199828597149	203
20220831 210617	binary	average_precision	TRUE	TRUE	FALSE	-100	102191	-1	0	0	0	31	305	TRUE	TRUE	57	0.182990790095502	0.412509925180627	1698	145	0.432588912921707	204
20220831 210619	binary	average_precision	TRUE	TRUE	FALSE	-100	102191	-1	0	0	0	31	107	TRUE	TRUE	52	0.2174095829581	0.326848970609857	1058	96	0.444697045308363	205
20220831 210622	binary	average_precision	TRUE	TRUE	FALSE	-100	102191	-1	0	0	0	31	179	TRUE	TRUE	50	0.249530790012237	0.356476087968005	1844	908	0.425483660756585	206
20220831 210628	binary	average_precision	TRUE	TRUE	FALSE	-100	102191	-1	0	0	0	31	222	TRUE	TRUE	168	0.0360892487997922	0.457033256697032	197	976	0.467502737801003	207
20220831 210635	binary	average_precision	TRUE	TRUE	FALSE	-100	102191	-1	0	0	0	31	442	TRUE	TRUE	220	0.0262161098950728	0.425769288763987	299	753	0.467723531961853	208
20220831 210639	binary	average_precision	TRUE	TRUE	FALSE	-100	102191	-1	0	0	0	31	114	TRUE	TRUE	126	0.0519539964537348	0.423553663861819	168	97	0.46306721604301	209
20220831 210643	binary	average_precision	TRUE	TRUE	FALSE	-100	102191	-1	0	0	0	31	104	TRUE	TRUE	124	0.0531108087071783	0.632295611408868	85	11	0.469270288568605	210
20220831 210653	binary	average_precision	TRUE	TRUE	FALSE	-100	102191	-1	0	0	0	31	677	TRUE	TRUE	342	0.01597771057531	0.452787762046146	300	18	0.468303280176481	211
20220831 210700	binary	average_precision	TRUE	TRUE	FALSE	-100	102191	-1	0	0	0	31	319	TRUE	TRUE	223	0.0258336730072968	0.552995958950621	347	716	0.468188475703868	212
20220831 210706	binary	average_precision	TRUE	TRUE	FALSE	-100	102191	-1	0	0	0	31	202	TRUE	TRUE	150	0.041514391339373	0.628454235070342	265	126	0.463546828300592	213
20220831 210710	binary	average_precision	TRUE	TRUE	FALSE	-100	102191	-1	0	0	0	31	114	TRUE	TRUE	124	0.0526590064537895	0.361114683165975	139	857	0.462321201862328	214
20220831 210715	binary	average_precision	TRUE	TRUE	FALSE	-100	102191	-1	0	0	0	31	176	TRUE	TRUE	152	0.0407617162831966	0.51700720658535	215	943	0.467348079405973	215
20220831 210726	binary	average_precision	TRUE	TRUE	FALSE	-100	102191	-1	0	0	0	31	507	TRUE	TRUE	282	0.0198058626111584	0.595901366885266	248	824	0.469335285045676	216
